T,ovoposition,adult_mortality,aquatic_mortality,aquatic_transition,extrinsic_encubation
-1.8,70.28919306099579,1.172762535888633,2.8920349780042476,-3.31458678865469,-0.13166666666666668
-1.7,69.33704006439687,1.1533598861713956,2.846153569170869,-3.261940726802945,-0.13083333333333333
-1.5999999999999999,68.39321516318135,1.134202907622643,2.80080794322999,-3.2099081086104584,-0.13
-1.4999999999999998,67.4576847599103,1.1152895515506507,2.7559940454306315,-3.1584842104682975,-0.12916666666666665
-1.3999999999999997,66.53041525714478,1.0966177776891797,2.7117078360626077,-3.10766432656721,-0.12833333333333333
-1.2999999999999996,65.61137305744589,1.0781855541974763,2.6679452904565246,-3.0574437688976244,-0.1275
-1.1999999999999995,64.7005245633747,1.0599908576602728,2.624702398983781,-3.00781786724965,-0.12666666666666665
-1.0999999999999994,63.797836177492314,1.0420316730877874,2.5819751670565694,-2.958781969213077,-0.12583333333333332
-0.9999999999999993,62.903274302359776,1.0243059939157235,2.539759615127873,-2.9103314401773757,-0.125
-0.8999999999999992,62.01680534053819,1.0068118220052709,2.4980517786914684,-2.8624616633316977,-0.12416666666666665
-0.7999999999999992,61.13839569458864,0.989547167643104,2.456847708281925,-2.8151680396648757,-0.12333333333333332
-0.6999999999999991,60.26801176707218,0.972510049541384,2.416143469474604,-2.7684459879654213,-0.1225
-0.599999999999999,59.40561996054991,0.9556984948377572,2.37593514288566,-2.722290944821529,-0.12166666666666666
-0.4999999999999989,58.551186677582905,0.9391105390953555,2.33621882417204,-2.6766983646210725,-0.12083333333333332
-0.3999999999999988,57.70467832073225,0.9227442263027967,2.2969906240314826,-2.631663719551607,-0.12
-0.2999999999999987,56.86606129255902,0.9065976088741845,2.2582466682025206,-2.587182499600367,-0.11916666666666667
-0.19999999999999862,56.03530199562429,0.890668747649108,2.219983097464478,-2.5432502125542706,-0.11833333333333332
-0.09999999999999853,55.212366832489145,0.8749557118926418,2.182196067637471,-2.4998623839999135,-0.11749999999999998
1.5543122344752192e-15,54.39722220571466,0.8594565792953466,2.1448817495824106,-2.4570145573235735,-0.11666666666666664
0.10000000000000164,53.58983451786193,0.8441694359732685,2.108036329200998,-2.4147022937112093,-0.11583333333333332
0.20000000000000173,52.79017017149202,0.8290923764679394,2.0716560074357275,-2.3729211721484598,-0.11499999999999998
0.3000000000000018,51.998195569166015,0.8142235037463771,2.0357370002698874,-2.3316667894206446,-0.11416666666666664
0.4000000000000019,51.213877113444994,0.7995609292010846,2.000275538727556,-2.2909347601127648,-0.11333333333333333
0.500000000000002,50.43718120689004,0.7851027726500508,1.9652678688736072,-2.250720716609501,-0.11249999999999999
0.6000000000000021,49.668074252062226,0.7708471623367505,1.9307102518137045,-2.2110203090952147,-0.11166666666666665
0.7000000000000022,48.906522651522636,0.7567922349301441,1.896598963694306,-2.1718292055539496,-0.11083333333333331
0.8000000000000023,48.15249280783235,0.7429361355246774,1.862930295702661,-2.133143091769428,-0.10999999999999997
0.9000000000000024,47.405951123552455,0.7292770176402822,1.8297005540668128,-2.094957671325055,-0.10916666666666665
1.0000000000000024,46.666864001244015,0.7158130432223757,1.7969060600555957,-2.057268665603914,-0.10833333333333332
1.1000000000000025,45.935197843468124,0.7025423826418613,1.7645431499786377,-2.0200718137887708,-0.10749999999999997
1.2000000000000026,45.210919052785854,0.6894632146951274,1.7326081751863587,-1.9833628728620718,-0.10666666666666665
1.3000000000000027,44.49399403175829,0.6765737266040486,1.7010975020699715,-1.9471376176059434,-0.10583333333333332
1.4000000000000028,43.784389182946505,0.663872114015985,1.6700075120614812,-1.911391840602193,-0.10499999999999998
1.5000000000000029,43.08207090891159,0.6513565810037825,1.6393346016336858,-1.8761213522323092,-0.10416666666666663
1.600000000000003,42.38700561221461,0.6390253400657724,1.6090751823001757,-1.8413219806774606,-0.1033333333333333
1.700000000000003,41.69915969541666,0.626876612125772,1.5792256806153333,-1.8069895719184967,-0.10249999999999998
1.8000000000000032,41.01849956107881,0.614908626533084,1.5497825381743344,-1.7731199897359478,-0.10166666666666664
1.9000000000000032,40.34499161176215,0.6031196210624972,1.5207422116131468,-1.739709115710025,-0.1008333333333333
2.0000000000000036,39.67860225002774,0.5915078419142856,1.492101172608531,-1.7067528492206196,-0.09999999999999996
2.100000000000003,39.01929787843668,0.5800715437142094,1.4638559078780404,-1.6742471074473046,-0.09916666666666664
2.2000000000000037,38.36704489955004,0.5688089895135139,1.4360029191800203,-1.6421878253693325,-0.0983333333333333
2.3000000000000034,37.721809715928906,0.5577184507889306,1.408538723313609,-1.6105709557656374,-0.09749999999999996
2.400000000000004,37.08355873013435,0.5467982074426763,1.3814598521187373,-1.5793924692148331,-0.09666666666666664
2.5000000000000044,36.452258344727454,0.5360465478024538,1.3547628524761282,-1.5486483540952158,-0.0958333333333333
2.600000000000004,35.82787496226931,0.5254617686214514,1.328444286307298,-1.5183346165847604,-0.09499999999999996
2.7000000000000037,35.210374985320996,0.5150421750783432,1.3025007305745546,-1.4884472806611244,-0.09416666666666665
2.8000000000000043,34.59972481644357,0.5047860807772888,1.276928777280999,-1.458982388101644,-0.0933333333333333
2.900000000000005,33.99589085819812,0.49469180774793364,1.2517250334705248,-1.4299359984833375,-0.09249999999999996
3.0000000000000044,33.398839513145745,0.4847576864454089,1.2268861212278184,-1.4013041891829041,-0.09166666666666665
3.100000000000004,32.808537183847506,0.4749820557503313,1.2024086776783576,-1.3730830553767228,-0.0908333333333333
3.2000000000000046,32.22495027286449,0.46536326296880326,1.178289354988414,-1.3452687100408534,-0.08999999999999996
3.300000000000005,31.64804518275777,0.4558996638324129,1.1545248203650509,-1.3178572839510365,-0.08916666666666663
3.400000000000005,31.07778831608844,0.4465896224982342,1.1311117560561255,-1.2908449256826948,-0.08833333333333328
3.5000000000000044,30.51414607541757,0.4374315115488267,1.1080468593502855,-1.2642278016109292,-0.08749999999999997
3.600000000000005,29.957084863306235,0.42842371199223533,1.0853268425769724,-1.2380020959105222,-0.08666666666666663
3.7000000000000055,29.40657108231553,0.4195646132619911,1.0629484331064203,-1.2121640105559386,-0.08583333333333328
3.800000000000005,28.862571135006522,0.4108526132171109,1.040908373349656,-1.186709765321322,-0.08499999999999996
3.900000000000005,28.325051423940298,0.40228611814209664,1.019203420758498,-1.1616355977804977,-0.08416666666666661
4.000000000000005,27.79397835167793,0.39386354274693636,0.9978303478255577,-1.1369377633069706,-0.08333333333333329
4.100000000000006,27.2693183207805,0.3855833101671036,0.9767859420842393,-1.1126125350739275,-0.08249999999999996
4.2000000000000055,26.7510377338091,0.3774438519635579,0.9560670061087397,-1.0886562040542358,-0.08166666666666661
4.300000000000005,26.239102993324803,0.36944360812274424,0.9356703575140481,-1.065065079020443,-0.0808333333333333
4.400000000000006,25.733480501888675,0.361581027056593,0.9155928289559454,-1.0418354865447768,-0.07999999999999996
4.500000000000006,25.234136662061815,0.3538545656025208,0.895831268131007,-1.0189637709991475,-0.07916666666666661
4.600000000000006,24.74103787640529,0.3462626890234298,0.876382537776599,-0.996446294555144,-0.0783333333333333
4.7000000000000055,24.254150547480194,0.3388038710077077,0.8572435156708813,-0.9742794371840378,-0.07749999999999996
4.800000000000006,23.773441077847586,0.33147659366922777,0.8384110946328052,-0.9524595966567788,-0.07666666666666662
4.900000000000007,23.298875870068567,0.3242793475473492,0.8198821825221154,-0.9309831885439999,-0.07583333333333328
5.000000000000006,22.830421326704204,0.31721063160691687,0.8016537022393493,-0.9098466462160135,-0.07499999999999994
5.100000000000006,22.368043850315587,0.3102689532382613,0.7837225917258359,-0.889046420842813,-0.07416666666666662
5.200000000000006,21.911709843463782,0.30345282825719855,0.7660858039636977,-0.8685789813940727,-0.07333333333333328
5.300000000000007,21.461385708709876,0.29676078090503055,0.7487403069758491,-0.8484408146391464,-0.07249999999999994
5.400000000000007,21.01703784861496,0.29019134384854484,0.7316830838259976,-0.8286284251470706,-0.07166666666666661
5.500000000000006,20.578632665740095,0.28374305818001466,0.714911132618643,-0.8091383352865609,-0.07083333333333328
5.600000000000007,20.146136562646376,0.2774144734171988,0.6984214664990773,-0.7899670852260139,-0.06999999999999994
5.700000000000007,19.719515941894862,0.2712041475033421,0.6822111136533855,-0.7711112329335073,-0.06916666666666661
5.800000000000007,19.298737206046667,0.2651106468071748,0.6662771173084454,-0.7525673541768003,-0.06833333333333326
5.900000000000007,18.883766757662848,0.2591325461229129,0.6506165357319267,-0.7343320425233306,-0.06749999999999995
6.000000000000007,18.474570999304476,0.2532684286702578,0.6352264422322915,-0.7164019093402176,-0.06666666666666661
6.100000000000008,18.07111633353265,0.24751688609439704,0.6201039251587952,-0.6987735837942624,-0.06583333333333327
6.200000000000007,17.673369162908443,0.2418765184660039,0.6052460879014858,-0.6814437128519462,-0.06499999999999993
6.300000000000007,17.28129588999294,0.23634593428123674,0.5906500488912032,-0.6644089612794302,-0.06416666666666661
6.400000000000007,16.894862917347204,0.23092375046174018,0.5763129415995802,-0.6476660116425568,-0.06333333333333328
6.500000000000008,16.51403664753233,0.22560859235464392,0.5622319145390411,-0.6312115643068492,-0.06249999999999993
6.600000000000008,16.1387834831094,0.2203990937325645,0.5484041312628052,-0.6150423374375116,-0.061666666666666606
6.700000000000007,15.769069826639488,0.21529389679360267,0.5348267703648824,-0.5991550669994281,-0.060833333333333274
6.800000000000009,15.404862080683664,0.21029165216134582,0.521497025480075,-0.5835465067571639,-0.05999999999999993
6.900000000000008,15.046126647803028,0.20539101888486688,0.508412105283979,-0.5682134282749651,-0.0591666666666666
7.000000000000008,14.692829930558652,0.20059066443872442,0.4955692334929829,-0.5531526209167585,-0.058333333333333265
7.100000000000008,14.344938331511607,0.19588926472296253,0.4829656488642662,-0.5383608918461509,-0.05749999999999993
7.200000000000007,14.002418253222977,0.19128550406311096,0.47059860519580266,-0.5238350660264306,-0.05666666666666661
7.300000000000009,13.665236098253857,0.18677807521018563,0.4584653713263578,-0.5095719862205659,-0.05583333333333326
7.400000000000008,13.33335826916531,0.18236567934068737,0.4465632311354899,-0.4955685129912071,-0.05499999999999993
7.500000000000008,13.00675116851842,0.1780470260566036,0.4348894835435497,-0.48182152470068385,-0.0541666666666666
7.600000000000009,12.68538119887426,0.17382083338540666,0.4234414425116806,-0.46832791751100644,-0.053333333333333253
7.700000000000009,12.369214762793924,0.16968582778005525,0.41221643704181843,-0.4550846053838673,-0.05249999999999992
7.800000000000009,12.058218262838494,0.16564074411899277,0.4012118111766916,-0.44208852008063815,-0.0516666666666666
7.900000000000008,11.75235810156903,0.16168432570614932,0.39042492399982054,-0.42933661116237154,-0.050833333333333265
8.000000000000007,11.45160068154663,0.15781532427094025,0.3798531496355202,-0.416825845989802,-0.04999999999999994
8.100000000000009,11.155912405332359,0.1540324999682665,0.36949387724889515,-0.40455320972334263,-0.049166666666666595
8.200000000000008,10.865259675487309,0.15033462137851494,0.35934451104584464,-0.39251570532308966,-0.04833333333333326
8.300000000000008,10.579608894572566,0.14672046550755813,0.3494024702730596,-0.3807103535488179,-0.04749999999999993
8.40000000000001,10.298926465149187,0.14318881778675385,0.3396651892180247,-0.36913419295998384,-0.04666666666666659
8.500000000000009,10.023178789778264,0.1397384720729462,0.3301301172090152,-0.35778427991572537,-0.04583333333333326
8.600000000000009,9.75233227102089,0.13636823064846437,0.32079471861509967,-0.34665768857485935,-0.04499999999999993
8.700000000000008,9.486353311438116,0.13307690422112384,0.3116564728461402,-0.33575151089588484,-0.0441666666666666
8.800000000000008,9.225208313591047,0.12986331192422573,0.3027128743527907,-0.32506285663698087,-0.043333333333333265
8.90000000000001,8.968863680040748,0.12672628131655583,0.29396143262649765,-0.31458885335600684,-0.04249999999999992
9.000000000000009,8.717285813348319,0.12366464838238689,0.2853996721994996,-0.30432664641050433,-0.041666666666666595
9.100000000000009,8.470441116074824,0.12067725753147673,0.2770251326448281,-0.294273398957694,-0.04083333333333326
9.20000000000001,8.228295990781326,0.11776296159906907,0.26883536857630785,-0.2844262919544782,-0.03999999999999992
9.30000000000001,7.990816840028934,0.11492062184589302,0.2608279496485555,-0.27478252415743887,-0.039166666666666586
9.40000000000001,7.757970066378739,0.1121491079581638,0.25300046055697933,-0.26533931212283957,-0.038333333333333254
9.500000000000009,7.52972207239177,0.10944729804758202,0.24535050103778255,-0.2560938902066261,-0.03749999999999993
9.600000000000009,7.306039260629156,0.10681407865133385,0.23787568586795782,-0.2470435105644211,-0.0366666666666666
9.70000000000001,7.086888033651952,0.10424834473209121,0.23057364486529375,-0.23818544315153023,-0.03583333333333325
9.80000000000001,6.872234794021246,0.10174899967801232,0.22344202288836845,-0.22951697572294183,-0.03499999999999992
9.90000000000001,6.662045944298107,0.09931495530274048,0.21647847983655466,-0.22103541383331926,-0.03416666666666659
10.00000000000001,6.456287887043622,0.09694513184540432,0.20968069065001593,-0.2127380808370134,-0.03333333333333324
10.10000000000001,6.254927024818883,0.09463845797061876,0.20304634530971066,-0.20462231788805152,-0.03249999999999991
10.20000000000001,6.057929760184955,0.09239387076848482,0.19657314883738763,-0.19668548394014085,-0.03166666666666658
10.30000000000001,5.865262495702915,0.09021031575458816,0.19025882129558935,-0.1889249557466739,-0.030833333333333258
10.40000000000001,5.67689163393387,0.08808674687000106,0.18410109778765005,-0.18133812786071868,-0.029999999999999923
10.50000000000001,5.492783577438864,0.08602212648128027,0.178097728457697,-0.1739224126350276,-0.029166666666666577
10.60000000000001,5.312904728778989,0.08401542538046969,0.17224647849065056,-0.16667524022203173,-0.028333333333333245
10.70000000000001,5.13722149051533,0.08206562278509777,0.16654512811222322,-0.15959405857384512,-0.027499999999999917
10.800000000000011,4.96570026520898,0.0801717063381795,0.16099147258891922,-0.15267633344225873,-0.02666666666666657
10.900000000000011,4.798307455420989,0.07833267210821515,0.15558332222803672,-0.14591954837874788,-0.025833333333333243
11.00000000000001,4.635009463712457,0.07654752458919045,0.1503185023776652,-0.13932120473446696,-0.02499999999999991
11.10000000000001,4.475772692644462,0.07481527670057686,0.1451948534266867,-0.13287882166025033,-0.02416666666666658
11.20000000000001,4.320563544778089,0.07313494978733204,0.14021023080477768,-0.1265899361066154,-0.02333333333333325
11.300000000000011,4.169348422674382,0.07150557361989884,0.13536250498240543,-0.12045210282375729,-0.022499999999999902
11.400000000000011,4.022093728894475,0.06992618639420634,0.13064956147082984,-0.11446289436155466,-0.021666666666666574
11.50000000000001,3.8787658659994264,0.06839583473166821,0.12606930082210344,-0.1086199010695652,-0.020833333333333245
11.600000000000012,3.739331236550292,0.06691357367918527,0.12161963862907132,-0.10292073109702571,-0.0199999999999999
11.700000000000012,3.6037562431081724,0.06547846670914259,0.11729850552537258,-0.09736301039285955,-0.019166666666666568
11.800000000000011,3.4720072882341526,0.06408958571941192,0.11310384718543665,-0.09194438270566474,-0.01833333333333324
11.900000000000011,3.344050774489311,0.06274601103335087,0.10903362432448738,-0.08666250958372146,-0.017499999999999908
12.00000000000001,3.219853104434719,0.06144683139980156,0.10508581269853945,-0.08151507037499295,-0.016666666666666576
12.100000000000012,3.099380680631448,0.06019114399309222,0.10125840310440015,-0.07649976222711885,-0.015833333333333234
12.200000000000012,2.9825999056406047,0.05897805441303827,0.0975494013796725,-0.07161430008742631,-0.014999999999999902
12.300000000000011,2.8694771820232674,0.05780667668493855,0.09395682840274766,-0.06685641670291442,-0.014166666666666572
12.400000000000013,2.759978912340472,0.056676133259578876,0.09047872009281122,-0.06222386262027069,-0.013333333333333227
12.500000000000012,2.6540714991533463,0.0555855550132307,0.08711312740984312,-0.05771440618585988,-0.012499999999999895
12.600000000000012,2.551721345022962,0.054534081247651134,0.08385811635461327,-0.05332583354572584,-0.011666666666666567
12.700000000000012,2.452894852510383,0.05352085969008202,0.08071176796868507,-0.049055948645596814,-0.010833333333333235
12.800000000000011,2.3575584241766947,0.05254504649325198,0.07767217833441409,-0.04490257323087832,-0.009999999999999905
12.900000000000013,2.265678462582976,0.05160580623537547,0.0747374585749494,-0.04086354684666116,-0.009166666666666561
13.000000000000012,2.1772213702903045,0.05070231192015151,0.07190573485423091,-0.03693672683771032,-0.00833333333333323
13.100000000000012,2.0921535498597947,0.04983374497676607,0.06917514837699379,-0.03311998834847785,-0.007499999999999899
13.200000000000014,2.010441403852454,0.04899929525988944,0.06654385538876184,-0.029411224323091734,-0.006666666666666554
13.300000000000013,1.9320513348294313,0.04819816104967933,0.06401002717585769,-0.025808345505362595,-0.0058333333333332234
13.400000000000013,1.8569497453517911,0.04742954905177754,0.06157185006538857,-0.022309280438784995,-0.004999999999999893
13.500000000000012,1.7851030379805835,0.04669267439731173,0.05922752542526055,-0.01891197546652812,-0.004166666666666563
13.600000000000012,1.7164776152769008,0.04598676064289697,0.056975269664168326,-0.015614394731444214,-0.003333333333333233
13.700000000000014,1.65103987980185,0.045311039770631334,0.05481331423160141,-0.012414520176067256,-0.0024999999999998873
13.800000000000013,1.588756234116481,0.044664752188100953,0.05273990561784281,-0.009310351542612949,-0.001666666666666557
13.900000000000013,1.5295930807818863,0.044047146728376285,0.05075330535396372,-0.0062999063729747284,-0.0008333333333332267
14.000000000000014,1.4735168223591373,0.04345748065001365,0.04885179001183282,-0.003381220008729091,1.1842378929335003e-16
14.100000000000014,1.4204938614093336,0.04289501963705633,0.04703365120410874,-0.0005523455911311537,0.0008333333333334487
14.200000000000014,1.3704906004935324,0.042359037799030386,0.045297195584241834,0.0021886459388813506,0.001666666666666779
14.300000000000015,1.3234734421728191,0.04184881767095061,0.043640744846477286,0.00484366584069118,0.0025000000000001245
14.400000000000013,1.279408789008265,0.04136365021331678,0.042062635725852004,0.007414607574000698,0.0033333333333334402
14.500000000000014,1.2382630435609983,0.04090283481211299,0.040561219998195064,0.009903346798828316,0.0041666666666667854
14.600000000000012,1.2000026083920474,0.04046567927881006,0.039134864480128595,0.01231174137551605,0.005000000000000101
14.700000000000014,1.164593886062498,0.04005149985036449,0.03778195102906512,0.014641631364724184,0.005833333333333446
14.800000000000015,1.1320032791334498,0.03965962118921751,0.03650087654321332,0.016894839027431274,0.00666666666666679
14.900000000000013,1.1021971901659597,0.03928937638329777,0.035290052961573615,0.019073168824933706,0.007500000000000106
15.000000000000014,1.0751420217211276,0.03894010694601868,0.034147907263935906,0.021178407418851464,0.008333333333333451
15.100000000000016,1.0508041763600247,0.038611162816278854,0.033072881470885385,0.023212323671118806,0.009166666666666797
15.200000000000014,1.0291500566437364,0.03830190235846276,0.03206343264379852,0.025176668643994038,0.010000000000000113
15.300000000000015,1.010146065133334,0.03801169236244184,0.03111803288484749,0.027073175600051513,0.010833333333333457
15.400000000000016,0.9937586043898889,0.03773990804357097,0.030235169336992218,0.028903560002184747,0.011666666666666803
15.500000000000014,0.9799540769745292,0.037485933042693986,0.029413344183988333,0.03066951951361041,0.012500000000000117
15.600000000000016,0.9686988854482692,0.03724915942613616,0.028651074650382302,0.03237273399785945,0.013333333333333464
15.700000000000014,0.9599594323722229,0.0370289876857115,0.02794689300151454,0.03401486551878463,0.01416666666666678
15.800000000000015,0.9537021203074758,0.03682482673871901,0.027299346543517178,0.03559755834056055,0.015000000000000124
15.900000000000016,0.9498933518150992,0.036636093927943536,0.026706997623316298,0.03712243892767475,0.01583333333333347
16.000000000000014,0.94849952945615,0.0364622150216547,0.026168423628628368,0.03859111594493836,0.016666666666666784
16.100000000000016,0.9494870557917565,0.036302624213608636,0.025682216987964246,0.040005180257482564,0.01750000000000013
16.200000000000014,0.9528223333829615,0.0361567641230478,0.02524698517062607,0.041366204930755934,0.018333333333333444
16.300000000000015,0.9584717647908505,0.03602408579469807,0.024861350686707695,0.042675745230527085,0.01916666666666679
16.400000000000016,0.966401752576509,0.03590404869877317,0.02452395108709915,0.04393533862288379,0.020000000000000136
16.500000000000014,0.9765786993010366,0.035796120730971825,0.024233438963478182,0.045146504774233875,0.02083333333333345
16.600000000000016,0.9889690075254904,0.03569977821247883,0.023988481948319595,0.04631074555129988,0.021666666666666796
16.700000000000017,1.0035390798109276,0.035614505889962844,0.023787762714889027,0.0474295450211315,0.02250000000000014
16.800000000000015,1.0202553187184762,0.03553979693558129,0.023629978977244726,0.0485043694510896,0.02333333333333346
16.900000000000016,1.039084126809179,0.03547515294697412,0.023513843490232667,0.04953666730886397,0.0241666666666668
17.000000000000018,1.059991906644136,0.03542008394726981,0.023438084049502983,0.05052786926245201,0.025000000000000147
17.100000000000016,1.082945060784418,0.03537410838507937,0.02340144349148421,0.05147938818018094,0.025833333333333465
17.200000000000017,1.1079099917911392,0.03533675313450324,0.023402679693409922,0.05239261913069182,0.026666666666666807
17.300000000000015,1.1348531022253283,0.03530755349512438,0.023440565573297434,0.05326893938294397,0.027500000000000125
17.400000000000016,1.1637407946480707,0.0352860531920125,0.023513889089960216,0.054109708406220314,0.028333333333333467
17.500000000000018,1.1945394716204802,0.03527180437572408,0.02362145324300613,0.05491626787012027,0.029166666666666813
17.600000000000016,1.2272155357035999,0.03526436762230056,0.023762076072832095,0.05568994164456331,0.03000000000000013
17.700000000000017,1.2617353894585293,0.03526331193326682,0.02393459066062853,0.05643203579978895,0.030833333333333473
17.800000000000015,1.2980654354463539,0.03526821473563735,0.024137845128380242,0.05714383860634964,0.031666666666666794
17.900000000000016,1.3361720762281735,0.035278661881909645,0.024370702638861985,0.057826620535129436,0.03250000000000014
18.000000000000018,1.3760217143650024,0.03529424765006772,0.0246320413956429,0.05848163425732178,0.03333333333333348
18.100000000000016,1.417580752417983,0.035314574743581906,0.024920754643083853,0.059110114644441936,0.034166666666666796
18.200000000000017,1.4608155929481583,0.035339254291406386,0.025235750666339207,0.05971327876832788,0.03500000000000014
18.30000000000002,1.5056926385165852,0.035367905847983216,0.025575952791353274,0.06029232590113054,0.03583333333333349
18.400000000000016,1.5521782916844629,0.03540015739323876,0.02594029938486564,0.06084843751532443,0.036666666666666806
18.500000000000018,1.6002389550127063,0.03543564533258503,0.02632774385440939,0.061382777283704115,0.03750000000000015
18.60000000000002,1.6498410310625005,0.035474014496920114,0.026737254648304898,0.06189649107938244,0.03833333333333349
18.700000000000017,1.700950922394945,0.035514918142628416,0.027167815255668692,0.06239070697578786,0.03916666666666681
18.80000000000002,1.7535350315710545,0.03555801795157865,0.02761842420641436,0.06286653524667418,0.040000000000000153
18.900000000000016,1.8075597611519143,0.03560298403112694,0.028088095071239216,0.06332506836610907,0.04083333333333347
19.000000000000018,1.8629915136985957,0.03564949491411373,0.028575856461640292,0.063767381008482,0.04166666666666682
19.10000000000002,1.9197966917722553,0.03569723755886467,0.029080752029901014,0.06419453004850428,0.042500000000000156
19.200000000000017,1.9779416979338933,0.03574590734919281,0.029601840469099194,0.0646075545612037,0.043333333333333474
19.30000000000002,2.0373929347446094,0.03579520809439507,0.030138195513113253,0.065007475821929,0.04416666666666682
19.400000000000016,2.0981168047655316,0.03584485202925669,0.03068890593660001,0.06539529730634008,0.04500000000000014
19.500000000000018,2.1600797105576888,0.03589455981404588,0.03125307555502044,0.06577200469042932,0.045833333333333476
19.60000000000002,2.2232480546821662,0.03594406053451782,0.03182982322462369,0.06613856585049849,0.04666666666666682
19.700000000000017,2.287588239700021,0.035993091701912006,0.03241828284244885,0.06649593086317829,0.04750000000000014
19.80000000000002,2.353066668172424,0.03604139925295713,0.03301760334633563,0.06684503200540526,0.04833333333333349
19.90000000000002,2.4196497426603187,0.03608873754986308,0.03362694871490479,0.06718678375444753,0.04916666666666683
20.000000000000018,2.48730386572489,0.03613486938032762,0.034245497967578586,0.06752208278788085,0.05000000000000015
20.10000000000002,2.555995439927237,0.036179565957535464,0.034872445164571,0.06785180798361612,0.050833333333333494
20.20000000000002,2.625690867828318,0.03622260692015389,0.03550699940688151,0.06817682041986917,0.05166666666666683
20.30000000000002,2.696356551989332,0.03626378033234068,0.036148384836313774,0.06849796337518388,0.05250000000000016
20.40000000000002,2.7679588949712794,0.03630288268373305,0.03679584063545249,0.0688160623284153,0.053333333333333496
20.500000000000018,2.840464299335274,0.036339718889458306,0.037448621027682094,0.0691319249587421,0.054166666666666814
20.60000000000002,2.9138391676424007,0.03637410229012805,0.03810599527717784,0.06944634114566917,0.05500000000000015
20.70000000000002,2.9880499024537457,0.036405854651840874,0.03876724768890405,0.06976008296900815,0.055833333333333506
20.80000000000002,3.0630629063303942,0.036434806166178335,0.03943167760862476,0.07007390470889963,0.05666666666666682
20.90000000000002,3.138844581833375,0.036460795450210304,0.0400985994228904,0.07038854284579621,0.05750000000000017
21.000000000000018,3.2153613315237735,0.03648366954649007,0.040767342559044906,0.07070471606047768,0.05833333333333348
21.10000000000002,3.2925795579627604,0.03650328392305968,0.04143725148522748,0.07102312523403409,0.05916666666666683
21.20000000000002,3.370465663711279,0.036519502473444154,0.04210768571036638,0.0713444534478862,0.06000000000000018
21.30000000000002,3.448986051330529,0.03653219751665504,0.042778019784187826,0.07166936598375795,0.06083333333333348
21.40000000000002,3.528107123381538,0.03654124979718909,0.043447643297205296,0.07199851032371019,0.061666666666666835
21.50000000000002,3.6077952824253927,0.036546548485030916,0.044115960880724,0.07233251615011138,0.06250000000000018
21.60000000000002,3.6880169310232063,0.03654799117564678,0.0447823922068471,0.07267199534565183,0.06333333333333349
21.70000000000002,3.768738471735979,0.0365454838899939,0.045446371988465906,0.0730175419933472,0.06416666666666683
21.800000000000022,3.8499263071248535,0.036538941074509834,0.046107349979269685,0.07336973237652344,0.06500000000000018
21.90000000000002,3.9315468397508866,0.03652828560112131,0.04676479097373054,0.07372912497882744,0.0658333333333335
22.00000000000002,4.013566472175135,0.03651344876723983,0.04741817480712296,0.07409626048423323,0.06666666666666685
22.10000000000002,4.095951606958714,0.036494370295761636,0.04806699635550604,0.07447166177702602,0.06750000000000016
22.20000000000002,4.178668646662736,0.03647099833507084,0.048710765535741274,0.07485583394181194,0.06833333333333351
22.300000000000022,4.2616839938482585,0.03644328945903452,0.04934900730547387,0.07524926426352163,0.06916666666666685
22.40000000000002,4.344964051076282,0.03641120866700809,0.04998126166314165,0.07565242222739421,0.07000000000000016
22.50000000000002,4.428475220907977,0.03637472938382991,0.05060708364798394,0.07606575951900041,0.07083333333333351
22.60000000000002,4.512183905904401,0.0363338334598271,0.05122604334002112,0.07648971002422211,0.07166666666666682
22.70000000000002,4.5960565086266385,0.03628851117081111,0.05183772586007418,0.07692468982925948,0.07250000000000018
22.800000000000022,4.680059431635719,0.03623876121807679,0.05244173136975494,0.07737109722064339,0.07333333333333351
22.90000000000002,4.7641590774927565,0.03618459072840641,0.053037675071459844,0.07782931268521143,0.07416666666666684
23.00000000000002,4.848321848758921,0.03612601525407144,0.053625187208397485,0.07829969891012478,0.07500000000000018
23.100000000000023,4.9325141479951,0.03606305877282279,0.054203913064545084,0.07878260078286736,0.07583333333333352
23.20000000000002,5.016702377762549,0.035995753687901866,0.054773512964687576,0.0792783453912369,0.07666666666666684
23.300000000000022,5.100852940622268,0.035924140828033524,0.055333662274402506,0.07978724202334941,0.07750000000000018
23.400000000000023,5.1849322391353425,0.03584826944742736,0.05588405140004937,0.08030958216764983,0.07833333333333353
23.50000000000002,5.268906675862887,0.03576819722578306,0.056424385788794496,0.08084563951288981,0.07916666666666684
23.600000000000023,5.352742653365901,0.03568399026827884,0.05695438592857993,0.08139566994815528,0.0800000000000002
23.70000000000002,5.436406574205584,0.03559572310558656,0.05747378734815456,0.081959911562838,0.0808333333333335
23.800000000000022,5.519864840942908,0.035503478693859725,0.057982340617061645,0.08253858464665154,0.08166666666666685
23.900000000000023,5.603083856139044,0.03540734841473481,0.05847981134561753,0.08313189168963131,0.0825000000000002
24.00000000000002,5.6860300223549345,0.03530743207534015,0.05896598018495158,0.0837400173821381,0.08333333333333351
24.100000000000023,5.768669742151779,0.03520383790828352,0.05944064282697337,0.08436312861484385,0.08416666666666686
24.20000000000002,5.8509694180906635,0.03509668257166365,0.05990361000439126,0.08500137447873524,0.08500000000000017
24.300000000000022,5.932895452732559,0.03498609114906093,0.06035470749070804,0.08565488626513318,0.08583333333333351
24.400000000000023,6.014414248638666,0.03487219714954626,0.06079377610021108,0.08632377746565911,0.08666666666666686
24.50000000000002,6.09549220837004,0.03475514250766909,0.06122067168798484,0.08700814377227406,0.08750000000000017
24.600000000000023,6.17609573448771,0.03463507758347295,0.061635265149908136,0.08770806307724843,0.08833333333333351
24.700000000000024,6.256191229552762,0.034512161162479016,0.06203744242264975,0.08842359547316203,0.08916666666666687
24.800000000000022,6.33574509612631,0.03438656045570121,0.06242710448367106,0.08915478325293247,0.09000000000000019
24.900000000000023,6.41472373676941,0.03425845109963199,0.06280416735122518,0.08990165090978675,0.09083333333333353
25.000000000000025,6.493093554043149,0.034128017156255686,0.06316856208436139,0.09066420513726658,0.09166666666666687
25.100000000000023,6.57082095050864,0.033995451113041364,0.06352023478292157,0.09144243482924619,0.09250000000000018
25.200000000000024,6.64787232872694,0.03386095388293975,0.06385914658753133,0.09223631107991093,0.09333333333333355
25.300000000000022,6.724214091259107,0.03372473480439164,0.06418527367962223,0.09304578718375911,0.09416666666666686
25.400000000000023,6.799812640666225,0.03358701164131861,0.06449860728140333,0.09387079863562331,0.0950000000000002
25.500000000000025,6.874634379509352,0.03344801058313496,0.0647991536558914,0.09471126313064548,0.09583333333333355
25.600000000000023,6.948645710349631,0.033307966244734866,0.06508693410688604,0.0955670805642912,0.09666666666666686
25.700000000000024,7.021813035748117,0.03316712166650082,0.06536198497898216,0.09643813303233717,0.0975000000000002
25.800000000000022,7.094102758265869,0.033025728314299174,0.06562435765756991,0.09732428483088729,0.09833333333333351
25.900000000000023,7.165481280463972,0.03288404607948325,0.0658741185688223,0.09822538245636547,0.09916666666666686
26.000000000000025,7.235915004903511,0.03274234327889336,0.06611134917971828,0.09914125460551393,0.10000000000000021
26.100000000000023,7.3053703341456,0.03260089665485322,0.0663361459980214,0.10007171217538424,0.10083333333333352
26.200000000000024,7.373813670751325,0.032459991375173525,0.06654862057228872,0.10101654826336048,0.10166666666666686
26.300000000000026,7.441211417281629,0.03231992103314618,0.06674889949186902,0.1019755381671521,0.1025000000000002
26.400000000000023,7.507529976297768,0.03218098764756072,0.06693712438691168,0.10294843938475129,0.10333333333333353
26.500000000000025,7.572735750360742,0.032043501662677665,0.06711345192834539,0.10393499161451292,0.10416666666666688
26.600000000000026,7.6367951420315805,0.03190778194825161,0.06727805382789409,0.10493491675510125,0.10500000000000022
26.700000000000024,7.6996745538714535,0.03177415579952059,0.06743111683808234,0.10594791890547572,0.10583333333333354
26.800000000000026,7.761340388441447,0.03164295893721136,0.06757284275222997,0.10697368436493182,0.1066666666666669
26.900000000000023,7.821759048302532,0.03151453550753236,0.0677034484044361,0.10801188163309217,0.10750000000000019
27.000000000000025,7.880896936015908,0.03138923808217897,0.06782316566959867,0.10906216140988523,0.10833333333333353
27.100000000000026,7.938720454142633,0.03126742765833446,0.06793224146340915,0.11012415659557018,0.10916666666666688
27.200000000000024,7.995196005243621,0.031149473658663718,0.06803093774234537,0.11119748229071025,0.11000000000000021
27.300000000000026,8.050289991880184,0.03103575393132041,0.06811953150369288,0.11228173579620115,0.11083333333333355
27.400000000000023,8.103968816613325,0.03092665474994072,0.0681983147855112,0.11337649661325866,0.11166666666666686
27.500000000000025,8.15619888200407,0.03082257081365225,0.06826759466666577,0.11448132644340792,0.1125000000000002
27.600000000000026,8.206946590613505,0.03072390524706603,0.06832769326681198,0.11559576918849235,0.11333333333333355
27.700000000000024,8.256178345002802,0.03063106960027029,0.06837894774638986,0.11671935095068964,0.11416666666666687
27.800000000000026,8.303860547732931,0.030544483848853554,0.06842171030663824,0.11785158003248686,0.11500000000000021
27.900000000000027,8.349959601365036,0.030464576393878895,0.06845634818959478,0.1189919469366858,0.11583333333333355
28.000000000000025,8.394441908460202,0.030391784061900795,0.06848324367807823,0.12013992436641541,0.11666666666666686
28.100000000000026,8.437273871579457,0.030326552104955384,0.06850279409570437,0.12129496722513,0.11750000000000023
28.200000000000028,8.478421893283915,0.030269334200571096,0.0685154118068807,0.12245651261657908,0.11833333333333357
28.300000000000026,8.517852376134691,0.030220592451750017,0.06852152421680824,0.12362397984485529,0.11916666666666687
28.400000000000027,8.555531722692756,0.03018079738699364,0.0685215737714886,0.12479677041436954,0.12000000000000022
28.500000000000025,8.591426335519223,0.03015042796027889,0.06851601795769557,0.12597426802983502,0.12083333333333353
28.600000000000026,8.625502617175322,0.030129971551076773,0.06850532930301956,0.12715583859629742,0.1216666666666669
28.700000000000028,8.657726970221994,0.030119923964339046,0.0684899953758249,0.1283408302191118,0.12250000000000023
28.800000000000026,8.68806579722024,0.03012078943049734,0.068470518785273,0.12952857320397992,0.12333333333333354
28.900000000000027,8.716485500731345,0.0301330806054827,0.06844741718132585,0.13071838005687386,0.1241666666666669
29.000000000000025,8.742952483316337,0.030157318570703362,0.06842122325474076,0.13190954548413014,0.12500000000000022
29.100000000000026,8.76743314753616,0.03019403283305011,0.06839248473703652,0.13310134639238402,0.12583333333333355
29.200000000000028,8.789893895951955,0.030243761324906915,0.0683617644005663,0.13429304188860147,0.1266666666666669
29.300000000000026,8.810301131124838,0.030307050404142055,0.0683296400584501,0.13548387328004186,0.1275000000000002
29.400000000000027,8.82862125561595,0.030384454854106346,0.06829670456461034,0.13667306407432012,0.12833333333333355
29.50000000000003,8.844820671986263,0.03047653788363225,0.06826356581375936,0.13785981997933927,0.1291666666666669
29.600000000000026,8.858865782796919,0.030583871127050744,0.06823084674139235,0.13904332890334548,0.13000000000000023
29.700000000000028,8.870722990608918,0.030707034644166464,0.0681991853238122,0.14022276095489072,0.13083333333333355
29.80000000000003,8.880358697983404,0.030846616920279013,0.06816923457810997,0.14139726844283818,0.1316666666666669
29.900000000000027,8.887739307481404,0.031003214866160755,0.06814166256216314,0.14256598587639768,0.13250000000000023
30.00000000000003,8.892831221664146,0.031177433818089684,0.0681171523746551,0.14372802996506895,0.13333333333333358
30.100000000000026,8.895600843092573,0.03136988753780501,0.0680964021550432,0.1448824996186877,0.1341666666666669
30.200000000000028,8.896014574327715,0.03158119821255512,0.06808012508359074,0.1460284759474133,0.13500000000000023
30.30000000000003,8.894038817930827,0.031811996455055835,0.06806904938135094,0.14716502226170025,0.13583333333333358
30.40000000000003,8.88963997646291,0.03206292130352151,0.06806391831016523,0.14829118407235153,0.13666666666666694
30.500000000000025,8.882784452484906,0.03233462022164102,0.0680654901726756,0.1494059890904742,0.1375000000000002
30.600000000000026,8.8734386485581,0.03262774909860089,0.06807453831230514,0.15050844722749002,0.13833333333333356
30.700000000000028,8.861568967243493,0.03294297224906484,0.06809185111328642,0.15159755059515323,0.13916666666666688
30.80000000000003,8.84714181110217,0.03328096241318179,0.06811823200062417,0.15267227350553103,0.14000000000000024
30.90000000000003,8.83012358269513,0.033642400756592084,0.06815449944013441,0.15373157247100533,0.1408333333333336
31.000000000000025,8.81048068458363,0.0340279768704177,0.06820148693840533,0.1547743862042834,0.14166666666666686
31.100000000000026,8.788179519328587,0.034438388771271145,0.0682600430428435,0.15579963561838905,0.14250000000000024
31.200000000000028,8.763186489491169,0.03487434290124214,0.06833103134162233,0.15680622382666964,0.14333333333333356
31.30000000000003,8.735467997632405,0.0353365541279127,0.06841533046373005,0.15779303614278373,0.14416666666666691
31.40000000000003,8.70499044631341,0.035825745744345605,0.06851383407892353,0.15875894008072233,0.14500000000000024
31.500000000000032,8.671720238095183,0.036342649469099486,0.06862745089777622,0.1597027853547841,0.1458333333333336
31.600000000000026,8.635623775538924,0.03688800544620485,0.0687571046716462,0.16062340387958596,0.1466666666666669
31.700000000000028,8.596667461205662,0.03746256224518896,0.06890373419267082,0.16151960977007018,0.14750000000000024
31.80000000000003,8.554817697656453,0.03806707686105537,0.0690682932937916,0.16239019934149912,0.14833333333333357
31.90000000000003,8.510040887452412,0.038702314714306185,0.06925175084875423,0.1632339511094587,0.14916666666666692
32.000000000000036,8.462303433154652,0.039369049650915366,0.06945509077207124,0.16404962578983362,0.1500000000000003
32.10000000000003,8.411571737324117,0.0400680639423483,0.0696793120190593,0.1648359662988481,0.15083333333333357
32.20000000000003,8.357812202522062,0.04080014828555911,0.06992542858584283,0.16559169775303761,0.15166666666666692
32.30000000000003,8.300991231309375,0.04156610180298359,0.07019446950930419,0.16631552746926825,0.15250000000000027
32.400000000000034,8.241075226247396,0.04236673204254715,0.070487478867169,0.167006144964696,0.15333333333333363
32.500000000000036,8.178030589896956,0.04320285497765419,0.07080551577789773,0.16766222195683955,0.15416666666666695
32.60000000000004,8.111823724819224,0.044075295007199644,0.07114965440077636,0.1682824123634985,0.1550000000000003
32.70000000000003,8.042421033575259,0.04498488495556274,0.07152098393588968,0.1688653523028103,0.1558333333333336
32.80000000000003,7.9697889187262305,0.045932466072612366,0.07192060862409821,0.16940966009322533,0.15666666666666693
32.900000000000034,7.893893782833224,0.04691888803369637,0.07234964774705421,0.1699139362535158,0.1575000000000003
33.000000000000036,7.81470202845707,0.04794500893965403,0.07280923562721409,0.1703767635027882,0.15833333333333363
33.10000000000004,7.732180058159166,0.04901169531680449,0.07330052162782597,0.170796706760437,0.15916666666666698
33.20000000000003,7.646294274500399,0.05011982211696098,0.0738246701529155,0.17117231314618753,0.16000000000000025
33.30000000000003,7.55701108004191,0.051270272717413023,0.07438286064732136,0.1715021119801028,0.1608333333333336
33.400000000000034,7.464296877344786,0.05246393892093981,0.07497628759665798,0.17178461478254814,0.16166666666666696
33.500000000000036,7.368118068970084,0.05370172095581194,0.07560616052734392,0.17201831527421607,0.16250000000000028
33.60000000000004,7.2684410574788885,0.05498452747577365,0.07627370400658418,0.17220168937610136,0.16333333333333366
33.70000000000003,7.1652322454323425,0.05631327556006682,0.0769801576423701,0.1723331952095366,0.1641666666666669
33.80000000000003,7.058458035391389,0.057688890713410546,0.07772677608349543,0.1724112730961762,0.16500000000000026
33.900000000000034,6.948084829917228,0.059112306866012654,0.07851482901955631,0.17243434555797688,0.1658333333333336
34.000000000000036,6.834079031570916,0.0605844663735724,0.07934560118092815,0.17240081731722245,0.16666666666666696
34.10000000000004,6.716407042913453,0.062106320017262684,0.08022039233876033,0.17230907529652395,0.16750000000000032
34.20000000000003,6.595035266506038,0.06367882700374872,0.08114051730503125,0.17215748861879465,0.16833333333333358
34.30000000000003,6.469930104909814,0.0653029549651889,0.08210730593249149,0.17194440860728033,0.16916666666666694
34.400000000000034,6.3410579606855535,0.06697967995920817,0.08312210311468693,0.17166816878555746,0.1700000000000003
34.500000000000036,6.208385236394626,0.068709986468938,0.08418626878595692,0.1713270848774835,0.17083333333333361
34.60000000000004,6.071878334597891,0.07049486740297906,0.08530117792142544,0.17091945480727855,0.17166666666666697
34.70000000000004,5.931503657856631,0.07233532409543497,0.08646822053702952,0.17044355869945438,0.17250000000000032
34.80000000000003,5.787227608731818,0.07423236630587327,0.0876888016894819,0.169897658878841,0.1733333333333336
34.900000000000034,5.6390165897846245,0.07618701221936797,0.08896434147629773,0.16927999987060272,0.17416666666666694
35.000000000000036,5.486837003576021,0.07820028844646232,0.09029627503576432,0.16858880840023094,0.1750000000000003
35.10000000000004,5.330655252667036,0.0802732300231972,0.09168605254698026,0.16782229339350874,0.17583333333333362
35.20000000000004,5.170437739618954,0.08240688041109245,0.09313513922984651,0.16697864597655698,0.17666666666666697
35.30000000000003,5.006150866992776,0.08460229149715937,0.09464501534503267,0.16605603947580239,0.17750000000000027
35.400000000000034,4.837761037349473,0.08686052359388641,0.09621717619400716,0.16505262941802012,0.17833333333333362
35.500000000000036,4.6652346532502165,0.08918264543925702,0.09785313211904256,0.16396655353025213,0.17916666666666697
35.60000000000004,4.488538117256034,0.09156973419673009,0.0995544085031872,0.16279593173992435,0.1800000000000003
35.70000000000004,4.307637831928098,0.094022875455263,0.10132254577030242,0.16153886617472768,0.18083333333333365
35.80000000000004,4.1225001998274635,0.09654316322928502,0.10315909938501644,0.1601934411627104,0.181666666666667
35.900000000000034,3.9330916235151605,0.09913169995871773,0.10506563985277761,0.15875772323221238,0.18250000000000027
36.000000000000036,3.7393785055522173,0.10178959650897679,0.10704375271980648,0.15722976111190778,0.18333333333333363
36.10000000000004,3.54132724849989,0.10451797217095238,0.10909503857312774,0.15560758573078726,0.18416666666666698
36.20000000000004,3.3389042549190364,0.10731795466101635,0.11122111304054538,0.1538892102181686,0.1850000000000003
36.30000000000004,3.132075927370913,0.11019068012103905,0.11342360679067287,0.15207262990365944,0.18583333333333366
36.400000000000034,2.920808668416605,0.1131372931183725,0.11570416553291185,0.15015582231721591,0.18666666666666695
36.500000000000036,2.7050688806169134,0.11615894664584503,0.1180644500174326,0.1481367471891213,0.1875000000000003
36.60000000000004,2.484822966533322,0.11925680212178613,0.12050613603524152,0.14601334644994335,0.18833333333333363
36.70000000000004,2.260037328726746,0.12243202938999809,0.12303091441809233,0.14378354423059125,0.18916666666666698
36.80000000000004,2.0306783697581565,0.1256858067197799,0.12564049103857666,0.14144524686228888,0.19000000000000034
36.900000000000034,1.7967124921887532,0.12901932080590162,0.1283365868100388,0.1389963428765979,0.19083333333333363
37.000000000000036,1.5581060985795645,0.13243376676863083,0.1311209376866307,0.13643470300535743,0.19166666666666696
37.10000000000004,1.3148255914916192,0.13593034815371863,0.13399529466330495,0.13375818018076924,0.1925000000000003
37.20000000000004,1.0668373734861163,0.13951027693240126,0.13696142377580056,0.1309646095353303,0.19333333333333366
37.30000000000004,0.8141078471241414,0.1431747735013975,0.1400211061006411,0.12805180840185226,0.194166666666667
37.400000000000034,0.5566034149666663,0.14692506668291583,0.14317613775514904,0.1250175763134882,0.19500000000000028
37.500000000000036,0.2942904795748902,0.15076239372465072,0.14642832989745447,0.12185969500369342,0.19583333333333364
37.60000000000004,0.027135443509727963,0.1546880002997757,0.14977950872644197,0.11857592840624864,0.196666666666667
37.70000000000004,-0.24489529066762117,0.15870314050696277,0.15323151548184288,0.1151640226552404,0.19750000000000034
37.80000000000004,-0.5218353203960717,0.16280907687035584,0.156786206444127,0.11162170608510369,0.19833333333333367
37.90000000000004,-0.8037182431147656,0.16700708033958667,0.1604454529345789,0.10794668923058115,0.199166666666667
38.000000000000036,-1.0905776562622194,0.1712984302897882,0.16421114131529446,0.10413666482670525,0.2000000000000003
38.10000000000004,-1.382447157277575,0.17568441452155725,0.16808517298914527,0.10018930780887292,0.20083333333333364
38.20000000000004,-1.6793603435998037,0.18016632926098475,0.172069464399768,0.09610227531276738,0.20166666666666697
38.30000000000004,-1.9813508126677633,0.18474547915965744,0.17616594703164257,0.09187320667441501,0.20250000000000035
38.40000000000004,-2.2884521619202545,0.18942317729463398,0.1803765674100104,0.08749972343013201,0.20333333333333367
38.500000000000036,-2.6006979887964192,0.19420074516846353,0.18470328710091,0.08297942931659552,0.20416666666666697
38.60000000000004,-2.918121890735172,0.199079512709184,0.189148082711184,0.07830991027075473,0.2050000000000003
38.70000000000004,-3.2407574651750863,0.2040608182703203,0.19371294588845078,0.07348873442990556,0.20583333333333365
38.80000000000004,-3.5686383095555883,0.20914600863086474,0.19839988332113645,0.06851345213167992,0.206666666666667
38.90000000000004,-3.9017980213151944,0.21433643899532595,0.20321091673843927,0.0633815959139783,0.20750000000000032
39.00000000000004,-4.24027019789299,0.21963347299367375,0.20814808291038656,0.05809068051506916,0.20833333333333368
39.10000000000004,-4.584088436727946,0.22503848268137205,0.21321343364774226,0.0526382028735215,0.20916666666666697
39.20000000000004,-4.933286335258806,0.23055284853937175,0.21840903580212423,0.04702164212820836,0.21000000000000033
39.30000000000004,-5.2878974909246566,0.2361779594741018,0.22373697126590475,0.04123845961836725,0.21083333333333368
39.40000000000004,-5.647955501164354,0.2419152128174924,0.22919933697225314,0.03528609888348644,0.211666666666667
39.50000000000004,-6.01349396341687,0.2477660143269509,0.2347982448951358,0.02916198566343997,0.21250000000000036
39.60000000000004,-6.384546475120949,0.2537317781853565,0.24053582204932322,0.022863527898395297,0.21333333333333365
39.70000000000004,-6.761146633715846,0.25981392700109596,0.2464142104903546,0.016388115728823927,0.21416666666666698
39.80000000000004,-7.143328036640192,0.2660138918080348,0.2524355673145804,0.00973312149552985,0.21500000000000033
39.90000000000004,-7.5311242813329,0.2723331120655177,0.25860206465913027,0.002895899739628227,0.21583333333333368
40.00000000000004,-7.924568965233057,0.27877303565837885,0.2649158897019488,-0.0041262127974155405,0.216666666666667
40.10000000000004,-8.323695685779462,0.2853351188969431,0.27137924466174557,-0.011335897173853304,0.2175000000000003
40.20000000000004,-8.728538040411088,0.29202082651700967,0.2779943467980521,-0.018735852247604434,0.21833333333333366
40.30000000000004,-9.139129626566906,0.29883163167987736,0.2847634284111402,-0.02632879467624516,0.219166666666667
40.40000000000004,-9.555504041685772,0.3057690159723212,0.29168873684214613,-0.03411745891710094,0.22000000000000033
40.50000000000004,-9.977694883206546,0.3128344694066094,0.29877253447294283,-0.04210459722709725,0.2208333333333337
40.60000000000004,-10.405735748568198,0.32002949042048123,0.3060170987262252,-0.05029297966288038,0.22166666666666696
40.70000000000004,-10.8396602352097,0.32735558587717706,0.31342472206546024,-0.05868539408078899,0.22250000000000034
40.80000000000004,-11.279501940570022,0.3348142710654207,0.3209977119949263,-0.0672846461368044,0.22333333333333366
40.90000000000004,-11.725294462087966,0.34240706969940704,0.3287383910596704,-0.0760935592866181,0.224166666666667
41.00000000000004,-12.177071397202447,0.3501355139188347,0.336649096845572,-0.08511497478559615,0.22500000000000034
41.100000000000044,-12.634866343352321,0.3580011442888902,0.34473218197927213,-0.09435175168880061,0.22583333333333372
41.20000000000004,-13.098712897976789,0.3660055098002222,0.35299001412819475,-0.10380676685092904,0.22666666666666696
41.30000000000004,-13.56864465851448,0.37415016786898225,0.3614249760005821,-0.11348291492638918,0.22750000000000034
41.40000000000004,-14.044695222404421,0.38243668433681255,0.37003946534546284,-0.12338310836930244,0.22833333333333367
41.50000000000004,-14.526898187085642,0.3908666334708244,0.378835894952652,-0.13351027743339383,0.22916666666666702
41.600000000000044,-15.015287149996944,0.39944159796362233,0.3878166926527511,-0.14386737017212337,0.2300000000000004
41.70000000000004,-15.50989570857707,0.4081631689333076,0.3969843013171799,-0.15445735243864345,0.23083333333333364
